6CWT|ag;Chains A, C;QSVKESEGRLVTPGTPLTLTCTGSGFSLSTYAMIWVRQAPGQGVEYIGIINTGGSASYASWAKGRFTISRTSTTVDLKITSPTTEDTATYFCARTRGVNDAYEHAFDPWGPGTLVTVSSASTKGPSVFPLAPSAKSTSGGTAALGCLVKDYFPEPVTVSWNSGALTSGVHTFPAVLQSSGLYSLSSVVTVPSSSLGTQTYICNVNHKPSNTKVDKKVEPKSCDKTRGHHHHHH
6CWT|ag;Chains A, C;QSVKESEGRLVTPGTPLTLTCTGSGFSLSTYAMIWVRQAPGQGVEYIGIINTGGSASYASWAKGRFTISRTSTTVDLKITSPTTEDTATYFCARTRGVNDAYEHAFDPWGPGTLVTVSSASTKGPSVFPLAPSAKSTSGGTAALGCLVKDYFPEPVTVSWNSGALTSGVHTFPAVLQSSGLYSLSSVVTVPSSSLGTQTYICNVNHKPSNTKVDKKVEPKSCDKTRGHHHHHH
6CWT|ab;Chains A, C;QSVKESEGRLVTPGTPLTLTCTGSGFSLSTYAMIWVRQAPGQGVEYIGIINTGGSASYASWAKGRFTISRTSTTVDLKITSPTTEDTATYFCARTRGVNDAYEHAFDPWGPGTLVTVSSASTKGPSVFPLAPSAKSTSGGTAALGCLVKDYFPEPVTVSWNSGALTSGVHTFPAVLQSSGLYSLSSVVTVPSSSLGTQTYICNVNHKPSNTKVDKKVEPKSCDKTRGHHHHHH
6CWT|ag;Chains A, C;QSVKESEGRLVTPGTPLTLTCTGSGFSLSTYAMIWVRQAPGQGVEYIGIINTGGSASYASWAKGRFTISRTSTTVDLKITSPTTEDTATYFCARTRGVNDAYEHAFDPWGPGTLVTVSSASTKGPSVFPLAPSAKSTSGGTAALGCLVKDYFPEPVTVSWNSGALTSGVHTFPAVLQSSGLYSLSSVVTVPSSSLGTQTYICNVNHKPSNTKVDKKVEPKSCDKTRGHHHHHH
6CWT|ag;Chains A, C;QSVKESEGRLVTPGTPLTLTCTGSGFSLSTYAMIWVRQAPGQGVEYIGIINTGGSASYASWAKGRFTISRTSTTVDLKITSPTTEDTATYFCARTRGVNDAYEHAFDPWGPGTLVTVSSASTKGPSVFPLAPSAKSTSGGTAALGCLVKDYFPEPVTVSWNSGALTSGVHTFPAVLQSSGLYSLSSVVTVPSSSLGTQTYICNVNHKPSNTKVDKKVEPKSCDKTRGHHHHHH
6CWT|ab;Chains A, C;QSVKESEGRLVTPGTPLTLTCTGSGFSLSTYAMIWVRQAPGQGVEYIGIINTGGSASYASWAKGRFTISRTSTTVDLKITSPTTEDTATYFCARTRGVNDAYEHAFDPWGPGTLVTVSSASTKGPSVFPLAPSAKSTSGGTAALGCLVKDYFPEPVTVSWNSGALTSGVHTFPAVLQSSGLYSLSSVVTVPSSSLGTQTYICNVNHKPSNTKVDKKVEPKSCDKTRGHHHHHH
6CWT|ag;Chains A, C;QSVKESEGRLVTPGTPLTLTCTGSGFSLSTYAMIWVRQAPGQGVEYIGIINTGGSASYASWAKGRFTISRTSTTVDLKITSPTTEDTATYFCARTRGVNDAYEHAFDPWGPGTLVTVSSASTKGPSVFPLAPSAKSTSGGTAALGCLVKDYFPEPVTVSWNSGALTSGVHTFPAVLQSSGLYSLSSVVTVPSSSLGTQTYICNVNHKPSNTKVDKKVEPKSCDKTRGHHHHHH
6CWT|ag;Chains A, C;QSVKESEGRLVTPGTPLTLTCTGSGFSLSTYAMIWVRQAPGQGVEYIGIINTGGSASYASWAKGRFTISRTSTTVDLKITSPTTEDTATYFCARTRGVNDAYEHAFDPWGPGTLVTVSSASTKGPSVFPLAPSAKSTSGGTAALGCLVKDYFPEPVTVSWNSGALTSGVHTFPAVLQSSGLYSLSSVVTVPSSSLGTQTYICNVNHKPSNTKVDKKVEPKSCDKTRGHHHHHH
6CWT|ag;Chains A, C;QSVKESEGRLVTPGTPLTLTCTGSGFSLSTYAMIWVRQAPGQGVEYIGIINTGGSASYASWAKGRFTISRTSTTVDLKITSPTTEDTATYFCARTRGVNDAYEHAFDPWGPGTLVTVSSASTKGPSVFPLAPSAKSTSGGTAALGCLVKDYFPEPVTVSWNSGALTSGVHTFPAVLQSSGLYSLSSVVTVPSSSLGTQTYICNVNHKPSNTKVDKKVEPKSCDKTRGHHHHHH
6CWT|ag;Chains A, C;QSVKESEGRLVTPGTPLTLTCTGSGFSLSTYAMIWVRQAPGQGVEYIGIINTGGSASYASWAKGRFTISRTSTTVDLKITSPTTEDTATYFCARTRGVNDAYEHAFDPWGPGTLVTVSSASTKGPSVFPLAPSAKSTSGGTAALGCLVKDYFPEPVTVSWNSGALTSGVHTFPAVLQSSGLYSLSSVVTVPSSSLGTQTYICNVNHKPSNTKVDKKVEPKSCDKTRGHHHHHH
6CWT|ag;Chains B, D;AELVMTQTPSSTSAAVGGTVTINCQASQSIGNALAWYQQKPGQPPKLLISAGSNLASGVPSRFRGSGSGTEYTLTISDVQREDAATYYCLGTYSAIDRAFGAGTNVEIERTVAAPSVFIFPPSDEQLKSGTASVVCLLNNFYPREAKVQWKVDNALQSGNSQESVTEQDSKDSTYSLSSTLTLSKADYEKHKVYACEVTHQGLSSPVTKSFNRGEC
6CWT|ag;Chains B, D;AELVMTQTPSSTSAAVGGTVTINCQASQSIGNALAWYQQKPGQPPKLLISAGSNLASGVPSRFRGSGSGTEYTLTISDVQREDAATYYCLGTYSAIDRAFGAGTNVEIERTVAAPSVFIFPPSDEQLKSGTASVVCLLNNFYPREAKVQWKVDNALQSGNSQESVTEQDSKDSTYSLSSTLTLSKADYEKHKVYACEVTHQGLSSPVTKSFNRGEC
6CWT|ab;Chains B, D;AELVMTQTPSSTSAAVGGTVTINCQASQSIGNALAWYQQKPGQPPKLLISAGSNLASGVPSRFRGSGSGTEYTLTISDVQREDAATYYCLGTYSAIDRAFGAGTNVEIERTVAAPSVFIFPPSDEQLKSGTASVVCLLNNFYPREAKVQWKVDNALQSGNSQESVTEQDSKDSTYSLSSTLTLSKADYEKHKVYACEVTHQGLSSPVTKSFNRGEC
6CWT|ag;Chains B, D;AELVMTQTPSSTSAAVGGTVTINCQASQSIGNALAWYQQKPGQPPKLLISAGSNLASGVPSRFRGSGSGTEYTLTISDVQREDAATYYCLGTYSAIDRAFGAGTNVEIERTVAAPSVFIFPPSDEQLKSGTASVVCLLNNFYPREAKVQWKVDNALQSGNSQESVTEQDSKDSTYSLSSTLTLSKADYEKHKVYACEVTHQGLSSPVTKSFNRGEC
6CWT|ag;Chains B, D;AELVMTQTPSSTSAAVGGTVTINCQASQSIGNALAWYQQKPGQPPKLLISAGSNLASGVPSRFRGSGSGTEYTLTISDVQREDAATYYCLGTYSAIDRAFGAGTNVEIERTVAAPSVFIFPPSDEQLKSGTASVVCLLNNFYPREAKVQWKVDNALQSGNSQESVTEQDSKDSTYSLSSTLTLSKADYEKHKVYACEVTHQGLSSPVTKSFNRGEC
6CWT|ag;Chains B, D;AELVMTQTPSSTSAAVGGTVTINCQASQSIGNALAWYQQKPGQPPKLLISAGSNLASGVPSRFRGSGSGTEYTLTISDVQREDAATYYCLGTYSAIDRAFGAGTNVEIERTVAAPSVFIFPPSDEQLKSGTASVVCLLNNFYPREAKVQWKVDNALQSGNSQESVTEQDSKDSTYSLSSTLTLSKADYEKHKVYACEVTHQGLSSPVTKSFNRGEC
6CWT|ab;Chains B, D;AELVMTQTPSSTSAAVGGTVTINCQASQSIGNALAWYQQKPGQPPKLLISAGSNLASGVPSRFRGSGSGTEYTLTISDVQREDAATYYCLGTYSAIDRAFGAGTNVEIERTVAAPSVFIFPPSDEQLKSGTASVVCLLNNFYPREAKVQWKVDNALQSGNSQESVTEQDSKDSTYSLSSTLTLSKADYEKHKVYACEVTHQGLSSPVTKSFNRGEC
6CWT|ag;Chains B, D;AELVMTQTPSSTSAAVGGTVTINCQASQSIGNALAWYQQKPGQPPKLLISAGSNLASGVPSRFRGSGSGTEYTLTISDVQREDAATYYCLGTYSAIDRAFGAGTNVEIERTVAAPSVFIFPPSDEQLKSGTASVVCLLNNFYPREAKVQWKVDNALQSGNSQESVTEQDSKDSTYSLSSTLTLSKADYEKHKVYACEVTHQGLSSPVTKSFNRGEC
6CWT|ag;Chains B, D;AELVMTQTPSSTSAAVGGTVTINCQASQSIGNALAWYQQKPGQPPKLLISAGSNLASGVPSRFRGSGSGTEYTLTISDVQREDAATYYCLGTYSAIDRAFGAGTNVEIERTVAAPSVFIFPPSDEQLKSGTASVVCLLNNFYPREAKVQWKVDNALQSGNSQESVTEQDSKDSTYSLSSTLTLSKADYEKHKVYACEVTHQGLSSPVTKSFNRGEC
6CWT|ag;Chains B, D;AELVMTQTPSSTSAAVGGTVTINCQASQSIGNALAWYQQKPGQPPKLLISAGSNLASGVPSRFRGSGSGTEYTLTISDVQREDAATYYCLGTYSAIDRAFGAGTNVEIERTVAAPSVFIFPPSDEQLKSGTASVVCLLNNFYPREAKVQWKVDNALQSGNSQESVTEQDSKDSTYSLSSTLTLSKADYEKHKVYACEVTHQGLSSPVTKSFNRGEC
6CWT|ag;Chains E, F;MDIDPYKEFGATVELLSFLPSDFFPSVRDLLDTAAALYRDALESPEHASPHHTALRQAILCWGDLMTLATWVGTNLEDPASRDLVVSYVNTNVGLKFRQLLWFHISALTFGRETVLEYLVSFGVWIRTPPAYRPPNAPILSTLPETTVV
6CWT|ag;Chains E, F;MDIDPYKEFGATVELLSFLPSDFFPSVRDLLDTAAALYRDALESPEHASPHHTALRQAILCWGDLMTLATWVGTNLEDPASRDLVVSYVNTNVGLKFRQLLWFHISALTFGRETVLEYLVSFGVWIRTPPAYRPPNAPILSTLPETTVV
6CWT|ag;Chains E, F;MDIDPYKEFGATVELLSFLPSDFFPSVRDLLDTAAALYRDALESPEHASPHHTALRQAILCWGDLMTLATWVGTNLEDPASRDLVVSYVNTNVGLKFRQLLWFHISALTFGRETVLEYLVSFGVWIRTPPAYRPPNAPILSTLPETTVV
6CWT|ag;Chains E, F;MDIDPYKEFGATVELLSFLPSDFFPSVRDLLDTAAALYRDALESPEHASPHHTALRQAILCWGDLMTLATWVGTNLEDPASRDLVVSYVNTNVGLKFRQLLWFHISALTFGRETVLEYLVSFGVWIRTPPAYRPPNAPILSTLPETTVV
6CWT|ag;Chains E, F;MDIDPYKEFGATVELLSFLPSDFFPSVRDLLDTAAALYRDALESPEHASPHHTALRQAILCWGDLMTLATWVGTNLEDPASRDLVVSYVNTNVGLKFRQLLWFHISALTFGRETVLEYLVSFGVWIRTPPAYRPPNAPILSTLPETTVV
6CWT|ag;Chains E, F;MDIDPYKEFGATVELLSFLPSDFFPSVRDLLDTAAALYRDALESPEHASPHHTALRQAILCWGDLMTLATWVGTNLEDPASRDLVVSYVNTNVGLKFRQLLWFHISALTFGRETVLEYLVSFGVWIRTPPAYRPPNAPILSTLPETTVV
6CWT|ag;Chains E, F;MDIDPYKEFGATVELLSFLPSDFFPSVRDLLDTAAALYRDALESPEHASPHHTALRQAILCWGDLMTLATWVGTNLEDPASRDLVVSYVNTNVGLKFRQLLWFHISALTFGRETVLEYLVSFGVWIRTPPAYRPPNAPILSTLPETTVV
6CWT|ag;Chains E, F;MDIDPYKEFGATVELLSFLPSDFFPSVRDLLDTAAALYRDALESPEHASPHHTALRQAILCWGDLMTLATWVGTNLEDPASRDLVVSYVNTNVGLKFRQLLWFHISALTFGRETVLEYLVSFGVWIRTPPAYRPPNAPILSTLPETTVV
6CWT|ag;Chains E, F;MDIDPYKEFGATVELLSFLPSDFFPSVRDLLDTAAALYRDALESPEHASPHHTALRQAILCWGDLMTLATWVGTNLEDPASRDLVVSYVNTNVGLKFRQLLWFHISALTFGRETVLEYLVSFGVWIRTPPAYRPPNAPILSTLPETTVV
6CWT|ag;Chains E, F;MDIDPYKEFGATVELLSFLPSDFFPSVRDLLDTAAALYRDALESPEHASPHHTALRQAILCWGDLMTLATWVGTNLEDPASRDLVVSYVNTNVGLKFRQLLWFHISALTFGRETVLEYLVSFGVWIRTPPAYRPPNAPILSTLPETTVV
